sample_id	Assay_Type	AvgSpotLen	BioProject	BioSample	Protein_type	Protein_category	Protein_source	Age_in_weeks	Protein_class	Protein_level	Protein_quantity	Center_Name	environment_(biome)	Isolation_source	Experiment	Country	Instrument	Investigation_type	LibrarySelection	Platform	Library_layout	SRA_Study	Breed	Protein	Period_of_experiment_in_days	Gender
#q2:types	categorical	numeric	categorical	categorical	categorical	categorical	categorical	numeric	categorical	categorical	numeric	categorical	categorical	categorical	categorical	categorical	categorical	categorical	categorical	categorical	categorical	categorical	categorical	categorical	numeric	categorical
ERR5691345	AMPLICON	599	PRJEB37442	SAMEA8544640	Casein	Casein	Animal	10	Casein	High Protein	89	LAVAL UNIVERSITY	germ-free mouse	Feces	ERX5406799	Canada	Illumina MiSeq	metagenome	PCR	ILLUMINA	SINGLE	ERP120756	C57BL/6J	Casein	14	male
ERR5691346	AMPLICON	598	PRJEB37442	SAMEA8544641	Casein	Casein	Animal	10	Casein	High Protein	89	LAVAL UNIVERSITY	germ-free mouse	Feces	ERX5406800	Canada	Illumina MiSeq	metagenome	PCR	ILLUMINA	SINGLE	ERP120756	C57BL/6J	Casein	14	male
ERR5691347	AMPLICON	599	PRJEB37442	SAMEA8544642	Casein	Casein	Animal	10	Casein	High Protein	89	LAVAL UNIVERSITY	germ-free mouse	Feces	ERX5406801	Canada	Illumina MiSeq	metagenome	PCR	ILLUMINA	SINGLE	ERP120756	C57BL/6J	Casein	14	male
ERR5691351	AMPLICON	599	PRJEB37442	SAMEA8544646	Casein	Casein	Animal	10	Casein	High Protein	89	LAVAL UNIVERSITY	germ-free mouse	Feces	ERX5406805	Canada	Illumina MiSeq	metagenome	PCR	ILLUMINA	SINGLE	ERP120756	C57BL/6J	Casein	14	male
ERR5691352	AMPLICON	599	PRJEB37442	SAMEA8544647	Casein	Casein	Animal	10	Casein	High Protein	89	LAVAL UNIVERSITY	germ-free mouse	Feces	ERX5406806	Canada	Illumina MiSeq	metagenome	PCR	ILLUMINA	SINGLE	ERP120756	C57BL/6J	Casein	14	male
ERR5691353	AMPLICON	599	PRJEB37442	SAMEA8544648	Casein	Casein	Animal	10	Casein	High Protein	89	LAVAL UNIVERSITY	germ-free mouse	Feces	ERX5406807	Canada	Illumina MiSeq	metagenome	PCR	ILLUMINA	SINGLE	ERP120756	C57BL/6J	Casein	14	male
ERR5691357	AMPLICON	599	PRJEB37442	SAMEA8544652	Casein	Casein	Animal	10	Casein	High Protein	89	LAVAL UNIVERSITY	germ-free mouse	Feces	ERX5406811	Canada	Illumina MiSeq	metagenome	PCR	ILLUMINA	SINGLE	ERP120756	C57BL/6J	Casein	14	male
ERR5691358	AMPLICON	598	PRJEB37442	SAMEA8544653	Casein	Casein	Animal	10	Casein	High Protein	89	LAVAL UNIVERSITY	germ-free mouse	Feces	ERX5406812	Canada	Illumina MiSeq	metagenome	PCR	ILLUMINA	SINGLE	ERP120756	C57BL/6J	Casein	14	male
ERR5691359	AMPLICON	599	PRJEB37442	SAMEA8544654	Casein	Casein	Animal	10	Casein	High Protein	89	LAVAL UNIVERSITY	germ-free mouse	Feces	ERX5406813	Canada	Illumina MiSeq	metagenome	PCR	ILLUMINA	SINGLE	ERP120756	C57BL/6J	Casein	14	male
ERR5691363	AMPLICON	599	PRJEB37442	SAMEA8544658	Casein	Casein	Animal	10	Casein	High Protein	89	LAVAL UNIVERSITY	germ-free mouse	Feces	ERX5406817	Canada	Illumina MiSeq	metagenome	PCR	ILLUMINA	SINGLE	ERP120756	C57BL/6J	Casein	14	male
ERR5691364	AMPLICON	598	PRJEB37442	SAMEA8544659	Casein	Casein	Animal	10	Casein	High Protein	89	LAVAL UNIVERSITY	germ-free mouse	Feces	ERX5406818	Canada	Illumina MiSeq	metagenome	PCR	ILLUMINA	SINGLE	ERP120756	C57BL/6J	Casein	14	male
ERR5691365	AMPLICON	599	PRJEB37442	SAMEA8544660	Casein	Casein	Animal	10	Casein	High Protein	89	LAVAL UNIVERSITY	germ-free mouse	Feces	ERX5406819	Canada	Illumina MiSeq	metagenome	PCR	ILLUMINA	SINGLE	ERP120756	C57BL/6J	Casein	14	male
SRR20999497	AMPLICON	500	PRJNA868153	SAMN30225124	Casein	Casein	Animal	8	Casein	High Protein	60	"SHANGHAI INSTITUTE OF NUTRITION AND HEALTH, CHINESE ACADEMY OF SCIENCES"	Mus musculus	Cecal Content	SRX17016316	China	Illumina NovaSeq 6000	METAGENOMIC	PCR	ILLUMINA		SRP390822	C57BL/6J	Casein	6	male
SRR20999498	AMPLICON	500	PRJNA868153	SAMN30225123	Casein	Casein	Animal	8	Casein	High Protein	60	"SHANGHAI INSTITUTE OF NUTRITION AND HEALTH, CHINESE ACADEMY OF SCIENCES"	Mus musculus	Cecal Content	SRX17016315	China	Illumina NovaSeq 6000	METAGENOMIC	PCR	ILLUMINA		SRP390822	C57BL/6J	Casein	6	male
SRR20999500	AMPLICON	500	PRJNA868153	SAMN30225122	Casein	Casein	Animal	8	Casein	High Protein	60	"SHANGHAI INSTITUTE OF NUTRITION AND HEALTH, CHINESE ACADEMY OF SCIENCES"	Mus musculus	Cecal Content	SRX17016313	China	Illumina NovaSeq 6000	METAGENOMIC	PCR	ILLUMINA		SRP390822	C57BL/6J	Casein	6	male
SRR20999501	AMPLICON	500	PRJNA868153	SAMN30225121	Casein	Casein	Animal	8	Casein	High Protein	60	"SHANGHAI INSTITUTE OF NUTRITION AND HEALTH, CHINESE ACADEMY OF SCIENCES"	Mus musculus	Cecal Content	SRX17016312	China	Illumina NovaSeq 6000	METAGENOMIC	PCR	ILLUMINA		SRP390822	C57BL/6J	Casein	6	male
SRR20999502	AMPLICON	500	PRJNA868153	SAMN30225120	Casein	Casein	Animal	8	Casein	High Protein	60	"SHANGHAI INSTITUTE OF NUTRITION AND HEALTH, CHINESE ACADEMY OF SCIENCES"	Mus musculus	Cecal Content	SRX17016311	China	Illumina NovaSeq 6000	METAGENOMIC	PCR	ILLUMINA		SRP390822	C57BL/6J	Casein	6	male
SRR20999503	AMPLICON	500	PRJNA868153	SAMN30225119	Casein	Casein	Animal	8	Casein	High Protein	60	"SHANGHAI INSTITUTE OF NUTRITION AND HEALTH, CHINESE ACADEMY OF SCIENCES"	Mus musculus	Cecal Content	SRX17016310	China	Illumina NovaSeq 6000	METAGENOMIC	PCR	ILLUMINA		SRP390822	C57BL/6J	Casein	6	male
SRR20999504	AMPLICON	500	PRJNA868153	SAMN30225118	Casein	Casein	Animal	8	Casein	High Protein	60	"SHANGHAI INSTITUTE OF NUTRITION AND HEALTH, CHINESE ACADEMY OF SCIENCES"	Mus musculus	Cecal Content	SRX17016309	China	Illumina NovaSeq 6000	METAGENOMIC	PCR	ILLUMINA		SRP390822	C57BL/6J	Casein	6	male
SRR20999513	AMPLICON	500	PRJNA868153	SAMN30225110	Casein	Casein	Animal	8	Casein	High Protein	60	"SHANGHAI INSTITUTE OF NUTRITION AND HEALTH, CHINESE ACADEMY OF SCIENCES"	Mus musculus	Cecal Content	SRX17016300	China	Illumina NovaSeq 6000	METAGENOMIC	PCR	ILLUMINA		SRP390822	C57BL/6J	Casein	4	male
SRR20999514	AMPLICON	500	PRJNA868153	SAMN30225109	Casein	Casein	Animal	8	Casein	High Protein	60	"SHANGHAI INSTITUTE OF NUTRITION AND HEALTH, CHINESE ACADEMY OF SCIENCES"	Mus musculus	Cecal Content	SRX17016299	China	Illumina NovaSeq 6000	METAGENOMIC	PCR	ILLUMINA		SRP390822	C57BL/6J	Casein	4	male
SRR20999515	AMPLICON	500	PRJNA868153	SAMN30225108	Casein	Casein	Animal	8	Casein	High Protein	60	"SHANGHAI INSTITUTE OF NUTRITION AND HEALTH, CHINESE ACADEMY OF SCIENCES"	Mus musculus	Cecal Content	SRX17016298	China	Illumina NovaSeq 6000	METAGENOMIC	PCR	ILLUMINA		SRP390822	C57BL/6J	Casein	4	male
SRR20999516	AMPLICON	500	PRJNA868153	SAMN30225107	Casein	Casein	Animal	8	Casein	High Protein	60	"SHANGHAI INSTITUTE OF NUTRITION AND HEALTH, CHINESE ACADEMY OF SCIENCES"	Mus musculus	Cecal Content	SRX17016297	China	Illumina NovaSeq 6000	METAGENOMIC	PCR	ILLUMINA		SRP390822	C57BL/6J	Casein	4	male
SRR20999517	AMPLICON	500	PRJNA868153	SAMN30225106	Casein	Casein	Animal	8	Casein	High Protein	60	"SHANGHAI INSTITUTE OF NUTRITION AND HEALTH, CHINESE ACADEMY OF SCIENCES"	Mus musculus	Cecal Content	SRX17016296	China	Illumina NovaSeq 6000	METAGENOMIC	PCR	ILLUMINA		SRP390822	C57BL/6J	Casein	4	male
SRR20999518	AMPLICON	500	PRJNA868153	SAMN30225105	Casein	Casein	Animal	8	Casein	High Protein	60	"SHANGHAI INSTITUTE OF NUTRITION AND HEALTH, CHINESE ACADEMY OF SCIENCES"	Mus musculus	Cecal Content	SRX17016295	China	Illumina NovaSeq 6000	METAGENOMIC	PCR	ILLUMINA		SRP390822	C57BL/6J	Casein	4	male
SRR20999519	AMPLICON	500	PRJNA868153	SAMN30225104	Casein	Casein	Animal	8	Casein	High Protein	60	"SHANGHAI INSTITUTE OF NUTRITION AND HEALTH, CHINESE ACADEMY OF SCIENCES"	Mus musculus	Cecal Content	SRX17016294	China	Illumina NovaSeq 6000	METAGENOMIC	PCR	ILLUMINA		SRP390822	C57BL/6J	Casein	4	male
ERR9791464	AMPLICON	501	PRJEB39583	SAMEA14478835	Casein	Casein	Animal	6	Casein	High Protein	60	THE UNIVERSITY OF SYDNEY	Mus musculus	Small intestinal content 	ERX9338740	Australia	Illumina MiSeq	METAGENOMIC	PCR	ILLUMINA	PAIRED	ERP123116	C57BL/6	Casein	112	male
ERR9791465	AMPLICON	501	PRJEB39583	SAMEA14478836	Casein	Casein	Animal	6	Casein	High Protein	60	THE UNIVERSITY OF SYDNEY	Mus musculus	Small intestinal content 	ERX9338741	Australia	Illumina MiSeq	METAGENOMIC	PCR	ILLUMINA	PAIRED	ERP123116	C57BL/6	Casein	112	male
ERR9791466	AMPLICON	501	PRJEB39583	SAMEA14478837	Casein	Casein	Animal	6	Casein	High Protein	60	THE UNIVERSITY OF SYDNEY	Mus musculus	Small intestinal content 	ERX9338742	Australia	Illumina MiSeq	METAGENOMIC	PCR	ILLUMINA	PAIRED	ERP123116	C57BL/6	Casein	112	male
ERR9791467	AMPLICON	501	PRJEB39583	SAMEA14478838	Casein	Casein	Animal	6	Casein	High Protein	60	THE UNIVERSITY OF SYDNEY	Mus musculus	Small intestinal content 	ERX9338743	Australia	Illumina MiSeq	METAGENOMIC	PCR	ILLUMINA	PAIRED	ERP123116	C57BL/6	Casein	112	male
ERR9791468	AMPLICON	501	PRJEB39583	SAMEA14478839	Casein	Casein	Animal	6	Casein	High Protein	60	THE UNIVERSITY OF SYDNEY	Mus musculus	Small intestinal content 	ERX9338744	Australia	Illumina MiSeq	METAGENOMIC	PCR	ILLUMINA	PAIRED	ERP123116	C57BL/6	Casein	112	male
ERR9791469	AMPLICON	501	PRJEB39583	SAMEA14478840	Casein	Casein	Animal	6	Casein	High Protein	60	THE UNIVERSITY OF SYDNEY	Mus musculus	Small intestinal content 	ERX9338745	Australia	Illumina MiSeq	METAGENOMIC	PCR	ILLUMINA	PAIRED	ERP123116	C57BL/6	Casein	112	male
ERR9791470	AMPLICON	501	PRJEB39583	SAMEA14478841	Casein	Casein	Animal	6	Casein	High Protein	60	THE UNIVERSITY OF SYDNEY	Mus musculus	Small intestinal content 	ERX9338746	Australia	Illumina MiSeq	METAGENOMIC	PCR	ILLUMINA	PAIRED	ERP123116	C57BL/6	Casein	112	male
ERR9791471	AMPLICON	501	PRJEB39583	SAMEA14478842	Casein	Casein	Animal	6	Casein	High Protein	60	THE UNIVERSITY OF SYDNEY	Mus musculus	Small intestinal content 	ERX9338747	Australia	Illumina MiSeq	METAGENOMIC	PCR	ILLUMINA	PAIRED	ERP123116	C57BL/6	Casein	112	male
ERR2438157	AMPLICON	452	PRJEB25686	SAMEA104712345	EAA	Amino Acid	Plant	8	Amino Acid	Low Protein	20	FONDAZIONE EDMUND MACH	Mus musculus	Feces	ERX2457306	Italy	Illumina MiSeq	Metagenome	PCR	ILLUMINA	SINGLE	ERP107627	C57BL/6N	Amino acid		male
ERR2438158	AMPLICON	451	PRJEB25686	SAMEA104712346	EAA	Amino Acid	Plant	8	Amino Acid	Low Protein	20	FONDAZIONE EDMUND MACH	Mus musculus	Feces	ERX2457307	Italy	Illumina MiSeq	Metagenome	PCR	ILLUMINA	SINGLE	ERP107627	C57BL/6N	Amino acid		male
ERR2438159	AMPLICON	455	PRJEB25686	SAMEA104712347	EAA	Amino Acid	Plant	8	Amino Acid	Low Protein	20	FONDAZIONE EDMUND MACH	Mus musculus	Feces	ERX2457308	Italy	Illumina MiSeq	Metagenome	PCR	ILLUMINA	SINGLE	ERP107627	C57BL/6N	Amino acid		male
ERR2438160	AMPLICON	453	PRJEB25686	SAMEA104712348	EAA	Amino Acid	Plant	8	Amino Acid	Low Protein	20	FONDAZIONE EDMUND MACH	Mus musculus	Feces	ERX2457309	Italy	Illumina MiSeq	Metagenome	PCR	ILLUMINA	SINGLE	ERP107627	C57BL/6N	Amino acid		male
ERR2438161	AMPLICON	450	PRJEB25686	SAMEA104712349	EAA	Amino Acid	Plant	8	Amino Acid	Low Protein	20	FONDAZIONE EDMUND MACH	Mus musculus	Feces	ERX2457310	Italy	Illumina MiSeq	Metagenome	PCR	ILLUMINA	SINGLE	ERP107627	C57BL/6N	Amino acid		male
ERR2438162	AMPLICON	451	PRJEB25686	SAMEA104712350	EAA	Amino Acid	Plant	8	Amino Acid	Low Protein	20	FONDAZIONE EDMUND MACH	Mus musculus	Feces	ERX2457311	Italy	Illumina MiSeq	Metagenome	PCR	ILLUMINA	SINGLE	ERP107627	C57BL/6N	Amino acid		male
ERR2438163	AMPLICON	456	PRJEB25686	SAMEA104712351	EAA	Amino Acid	Plant	8	Amino Acid	Low Protein	20	FONDAZIONE EDMUND MACH	Mus musculus	Feces	ERX2457312	Italy	Illumina MiSeq	Metagenome	PCR	ILLUMINA	SINGLE	ERP107627	C57BL/6N	Amino acid		male
ERR2438164	AMPLICON	453	PRJEB25686	SAMEA104712352	EAA	Amino Acid	Plant	8	Amino Acid	Low Protein	20	FONDAZIONE EDMUND MACH	Mus musculus	Feces	ERX2457313	Italy	Illumina MiSeq	Metagenome	PCR	ILLUMINA	SINGLE	ERP107627	C57BL/6N	Amino acid		male
ERR2438165	AMPLICON	452	PRJEB25686	SAMEA104712353	EAA	Amino Acid	Plant	8	Amino Acid	Low Protein	20	FONDAZIONE EDMUND MACH	Mus musculus	Feces	ERX2457314	Italy	Illumina MiSeq	Metagenome	PCR	ILLUMINA	SINGLE	ERP107627	C57BL/6N	Amino acid		male
ERR2438166	AMPLICON	455	PRJEB25686	SAMEA104712354	EAA	Amino Acid	Plant	8	Amino Acid	Low Protein	20	FONDAZIONE EDMUND MACH	Mus musculus	Feces	ERX2457315	Italy	Illumina MiSeq	Metagenome	PCR	ILLUMINA	SINGLE	ERP107627	C57BL/6N	Amino acid		male
ERR2438167	AMPLICON	452	PRJEB25686	SAMEA104712355	Casein	Casein	Animal	8	Casein	Normal Protein	20	FONDAZIONE EDMUND MACH	Mus musculus	Feces	ERX2457316	Italy	Illumina MiSeq	Metagenome	PCR	ILLUMINA	SINGLE	ERP107627	C57BL/6N	Casein		male
ERR2438168	AMPLICON	455	PRJEB25686	SAMEA104712356	Casein	Casein	Animal	8	Casein	Normal Protein	20	FONDAZIONE EDMUND MACH	Mus musculus	Feces	ERX2457317	Italy	Illumina MiSeq	Metagenome	PCR	ILLUMINA	SINGLE	ERP107627	C57BL/6N	Casein		male
ERR2438169	AMPLICON	453	PRJEB25686	SAMEA104712357	Casein	Casein	Animal	8	Casein	Normal Protein	20	FONDAZIONE EDMUND MACH	Mus musculus	Feces	ERX2457318	Italy	Illumina MiSeq	Metagenome	PCR	ILLUMINA	SINGLE	ERP107627	C57BL/6N	Casein		male
ERR2438170	AMPLICON	451	PRJEB25686	SAMEA104712358	Casein	Casein	Animal	8	Casein	Normal Protein	20	FONDAZIONE EDMUND MACH	Mus musculus	Feces	ERX2457319	Italy	Illumina MiSeq	Metagenome	PCR	ILLUMINA	SINGLE	ERP107627	C57BL/6N	Casein		male
ERR2438171	AMPLICON	453	PRJEB25686	SAMEA104712359	Casein	Casein	Animal	8	Casein	Normal Protein	20	FONDAZIONE EDMUND MACH	Mus musculus	Feces	ERX2457320	Italy	Illumina MiSeq	Metagenome	PCR	ILLUMINA	SINGLE	ERP107627	C57BL/6N	Casein		male
ERR2438172	AMPLICON	454	PRJEB25686	SAMEA104712360	Casein	Casein	Animal	8	Casein	Normal Protein	20	FONDAZIONE EDMUND MACH	Mus musculus	Feces	ERX2457321	Italy	Illumina MiSeq	Metagenome	PCR	ILLUMINA	SINGLE	ERP107627	C57BL/6N	Casein		male
ERR2438173	AMPLICON	451	PRJEB25686	SAMEA104712361	Casein	Casein	Animal	8	Casein	Normal Protein	20	FONDAZIONE EDMUND MACH	Mus musculus	Feces	ERX2457322	Italy	Illumina MiSeq	Metagenome	PCR	ILLUMINA	SINGLE	ERP107627	C57BL/6N	Casein		male
ERR2438174	AMPLICON	457	PRJEB25686	SAMEA104712362	Casein	Casein	Animal	8	Casein	Normal Protein	20	FONDAZIONE EDMUND MACH	Mus musculus	Feces	ERX2457323	Italy	Illumina MiSeq	Metagenome	PCR	ILLUMINA	SINGLE	ERP107627	C57BL/6N	Casein		male
ERR2438175	AMPLICON	449	PRJEB25686	SAMEA104712363	Casein	Casein	Animal	8	Casein	Normal Protein	20	FONDAZIONE EDMUND MACH	Mus musculus	Feces	ERX2457324	Italy	Illumina MiSeq	Metagenome	PCR	ILLUMINA	SINGLE	ERP107627	C57BL/6N	Casein		male
ERR2438176	AMPLICON	451	PRJEB25686	SAMEA104712364	Casein	Casein	Animal	8	Casein	Normal Protein	20	FONDAZIONE EDMUND MACH	Mus musculus	Feces	ERX2457325	Italy	Illumina MiSeq	Metagenome	PCR	ILLUMINA	SINGLE	ERP107627	C57BL/6N	Casein		male
SRR9277302	AMPLICON	500	PRJNA548036	SAMN11998112	Beef	Beef	Animal	7	Meat	Normal Protein	20	NANJING AGRICULTURAL UNIVERSITY	Mus musculus	Colonic Content	SRX6047120	China	Illumina HiSeq 2500		PCR	ILLUMINA	PAIRED	SRP201166	C57BL/6J	Meat	98	male
SRR9277327	AMPLICON	500	PRJNA548036	SAMN11998111	Beef	Beef	Animal	7	Meat	Normal Protein	20	NANJING AGRICULTURAL UNIVERSITY	Mus musculus	Colonic Content	SRX6047095	China	Illumina HiSeq 2500		PCR	ILLUMINA	PAIRED	SRP201166	C57BL/6J	Meat	98	male
SRR9277328	AMPLICON	500	PRJNA548036	SAMN11998110	Beef	Beef	Animal	7	Meat	Normal Protein	20	NANJING AGRICULTURAL UNIVERSITY	Mus musculus	Colonic Content	SRX6047094	China	Illumina HiSeq 2500		PCR	ILLUMINA	PAIRED	SRP201166	C57BL/6J	Meat	98	male
SRR9277331	AMPLICON	500	PRJNA548036	SAMN11998107	Beef	Beef	Animal	7	Meat	Normal Protein	20	NANJING AGRICULTURAL UNIVERSITY	Mus musculus	Colonic Content	SRX6047091	China	Illumina HiSeq 2500		PCR	ILLUMINA	PAIRED	SRP201166	C57BL/6J	Meat	98	male
SRR9277333	AMPLICON	500	PRJNA548036	SAMN11998109	Beef	Beef	Animal	7	Meat	Normal Protein	20	NANJING AGRICULTURAL UNIVERSITY	Mus musculus	Colonic Content	SRX6047089	China	Illumina HiSeq 2500		PCR	ILLUMINA	PAIRED	SRP201166	C57BL/6J	Meat	98	male
SRR9277334	AMPLICON	500	PRJNA548036	SAMN11998108	Beef	Beef	Animal	7	Meat	Normal Protein	20	NANJING AGRICULTURAL UNIVERSITY	Mus musculus	Colonic Content	SRX6047088	China	Illumina HiSeq 2500		PCR	ILLUMINA	PAIRED	SRP201166	C57BL/6J	Meat	98	male
SRR9277312	AMPLICON	500	PRJNA548036	SAMN11998099	Casein	Casein	Animal	7	Casein	Normal Protein	20	NANJING AGRICULTURAL UNIVERSITY	Mus musculus	Colonic Content	SRX6047110	China	Illumina HiSeq 2500		PCR	ILLUMINA	PAIRED	SRP201166	C57BL/6J	Casein	98	male
SRR9277313	AMPLICON	500	PRJNA548036	SAMN11998098	Casein	Casein	Animal	7	Casein	Normal Protein	20	NANJING AGRICULTURAL UNIVERSITY	Mus musculus	Colonic Content	SRX6047109	China	Illumina HiSeq 2500		PCR	ILLUMINA	PAIRED	SRP201166	C57BL/6J	Casein	98	male
SRR9277314	AMPLICON	500	PRJNA548036	SAMN11998097	Casein	Casein	Animal	7	Casein	Normal Protein	20	NANJING AGRICULTURAL UNIVERSITY	Mus musculus	Colonic Content	SRX6047108	China	Illumina HiSeq 2500		PCR	ILLUMINA	PAIRED	SRP201166	C57BL/6J	Casein	98	male
SRR9277315	AMPLICON	500	PRJNA548036	SAMN11998096	Casein	Casein	Animal	7	Casein	Normal Protein	20	NANJING AGRICULTURAL UNIVERSITY	Mus musculus	Colonic Content	SRX6047107	China	Illumina HiSeq 2500		PCR	ILLUMINA	PAIRED	SRP201166	C57BL/6J	Casein	98	male
SRR9277316	AMPLICON	500	PRJNA548036	SAMN11998095	Casein	Casein	Animal	7	Casein	Normal Protein	20	NANJING AGRICULTURAL UNIVERSITY	Mus musculus	Colonic Content	SRX6047106	China	Illumina HiSeq 2500		PCR	ILLUMINA	PAIRED	SRP201166	C57BL/6J	Casein	98	male
SRR9277317	AMPLICON	500	PRJNA548036	SAMN11998094	Casein	Casein	Animal	7	Casein	Normal Protein	20	NANJING AGRICULTURAL UNIVERSITY	Mus musculus	Colonic Content	SRX6047105	China	Illumina HiSeq 2500		PCR	ILLUMINA	PAIRED	SRP201166	C57BL/6J	Casein	98	male
SRR9277318	AMPLICON	500	PRJNA548036	SAMN11998093	Casein	Casein	Animal	7	Casein	Normal Protein	20	NANJING AGRICULTURAL UNIVERSITY	Mus musculus	Colonic Content	SRX6047104	China	Illumina HiSeq 2500		PCR	ILLUMINA	PAIRED	SRP201166	C57BL/6J	Casein	98	male
SRR9277319	AMPLICON	500	PRJNA548036	SAMN11998092	Casein	Casein	Animal	7	Casein	Normal Protein	20	NANJING AGRICULTURAL UNIVERSITY	Mus musculus	Colonic Content	SRX6047103	China	Illumina HiSeq 2500		PCR	ILLUMINA	PAIRED	SRP201166	C57BL/6J	Casein	98	male
SRR9277321	AMPLICON	500	PRJNA548036	SAMN11998101	Casein	Casein	Animal	7	Casein	Normal Protein	20	NANJING AGRICULTURAL UNIVERSITY	Mus musculus	Colonic Content	SRX6047101	China	Illumina HiSeq 2500		PCR	ILLUMINA	PAIRED	SRP201166	C57BL/6J	Casein	98	male
SRR9277322	AMPLICON	500	PRJNA548036	SAMN11998100	Casein	Casein	Animal	7	Casein	Normal Protein	20	NANJING AGRICULTURAL UNIVERSITY	Mus musculus	Colonic Content	SRX6047100	China	Illumina HiSeq 2500		PCR	ILLUMINA	PAIRED	SRP201166	C57BL/6J	Casein	98	male
SRR9277332	AMPLICON	500	PRJNA548036	SAMN11998106	Chicken	Chicken	Animal	7	Meat	Normal Protein	20	NANJING AGRICULTURAL UNIVERSITY	Mus musculus	Colonic Content	SRX6047090	China	Illumina HiSeq 2500		PCR	ILLUMINA	PAIRED	SRP201166	C57BL/6J	Meat	98	male
SRR9277335	AMPLICON	500	PRJNA548036	SAMN11998103	Chicken	Chicken	Animal	7	Meat	Normal Protein	20	NANJING AGRICULTURAL UNIVERSITY	Mus musculus	Colonic Content	SRX6047087	China	Illumina HiSeq 2500		PCR	ILLUMINA	PAIRED	SRP201166	C57BL/6J	Meat	98	male
SRR9277336	AMPLICON	500	PRJNA548036	SAMN11998102	Chicken	Chicken	Animal	7	Meat	Normal Protein	20	NANJING AGRICULTURAL UNIVERSITY	Mus musculus	Colonic Content	SRX6047086	China	Illumina HiSeq 2500		PCR	ILLUMINA	PAIRED	SRP201166	C57BL/6J	Meat	98	male
SRR9277337	AMPLICON	500	PRJNA548036	SAMN11998105	Chicken	Chicken	Animal	7	Meat	Normal Protein	20	NANJING AGRICULTURAL UNIVERSITY	Mus musculus	Colonic Content	SRX6047085	China	Illumina HiSeq 2500		PCR	ILLUMINA	PAIRED	SRP201166	C57BL/6J	Meat	98	male
SRR9277338	AMPLICON	500	PRJNA548036	SAMN11998104	Chicken	Chicken	Animal	7	Meat	Normal Protein	20	NANJING AGRICULTURAL UNIVERSITY	Mus musculus	Colonic Content	SRX6047084	China	Illumina HiSeq 2500		PCR	ILLUMINA	PAIRED	SRP201166	C57BL/6J	Meat	98	male
SRR9277303	AMPLICON	500	PRJNA548036	SAMN11998113	Pork	Pork	Animal	7	Meat	Normal Protein	20	NANJING AGRICULTURAL UNIVERSITY	Mus musculus	Colonic Content	SRX6047119	China	Illumina HiSeq 2500		PCR	ILLUMINA	PAIRED	SRP201166	C57BL/6J	Meat	98	male
SRR9277304	AMPLICON	500	PRJNA548036	SAMN11998114	Pork	Pork	Animal	7	Meat	Normal Protein	20	NANJING AGRICULTURAL UNIVERSITY	Mus musculus	Colonic Content	SRX6047118	China	Illumina HiSeq 2500		PCR	ILLUMINA	PAIRED	SRP201166	C57BL/6J	Meat	98	male
SRR9277305	AMPLICON	500	PRJNA548036	SAMN11998115	Pork	Pork	Animal	7	Meat	Normal Protein	20	NANJING AGRICULTURAL UNIVERSITY	Mus musculus	Colonic Content	SRX6047117	China	Illumina HiSeq 2500		PCR	ILLUMINA	PAIRED	SRP201166	C57BL/6J	Meat	98	male
SRR9277306	AMPLICON	500	PRJNA548036	SAMN11998116	Pork	Pork	Animal	7	Meat	Normal Protein	20	NANJING AGRICULTURAL UNIVERSITY	Mus musculus	Colonic Content	SRX6047116	China	Illumina HiSeq 2500		PCR	ILLUMINA	PAIRED	SRP201166	C57BL/6J	Meat	98	male
SRR9277307	AMPLICON	500	PRJNA548036	SAMN11998117	Pork	Pork	Animal	7	Meat	Normal Protein	20	NANJING AGRICULTURAL UNIVERSITY	Mus musculus	Colonic Content	SRX6047115	China	Illumina HiSeq 2500		PCR	ILLUMINA	PAIRED	SRP201166	C57BL/6J	Meat	98	male
SRR9277308	AMPLICON	500	PRJNA548036	SAMN11998118	Pork	Pork	Animal	7	Meat	Normal Protein	20	NANJING AGRICULTURAL UNIVERSITY	Mus musculus	Colonic Content	SRX6047114	China	Illumina HiSeq 2500		PCR	ILLUMINA	PAIRED	SRP201166	C57BL/6J	Meat	98	male
SRR11128236	AMPLICON	600	PRJNA607338	SAMN14130581	Casein	Casein	Animal	4	Casein	Normal Protein	20	NANJING AGRICULTURAL COLLEGE	Mus musculus	Cecal Content	SRX7764773	China	Illumina HiSeq 2500	METAGENOMIC	PCR	ILLUMINA	PAIRED	SRP250221	C57BL/6J	Casein	32	male
SRR11128237	AMPLICON	600	PRJNA607338	SAMN14130580	Casein	Casein	Animal	4	Casein	Normal Protein	20	NANJING AGRICULTURAL COLLEGE	Mus musculus	Cecal Content	SRX7764772	China	Illumina HiSeq 2500	METAGENOMIC	PCR	ILLUMINA	PAIRED	SRP250221	C57BL/6J	Casein	32	male
SRR11128248	AMPLICON	600	PRJNA607338	SAMN14130579	Casein	Casein	Animal	4	Casein	Normal Protein	20	NANJING AGRICULTURAL COLLEGE	Mus musculus	Cecal Content	SRX7764761	China	Illumina HiSeq 2500	METAGENOMIC	PCR	ILLUMINA	PAIRED	SRP250221	C57BL/6J	Casein	32	male
SRR11128259	AMPLICON	600	PRJNA607338	SAMN14130578	Casein	Casein	Animal	4	Casein	Normal Protein	20	NANJING AGRICULTURAL COLLEGE	Mus musculus	Cecal Content	SRX7764750	China	Illumina HiSeq 2500	METAGENOMIC	PCR	ILLUMINA	PAIRED	SRP250221	C57BL/6J	Casein	32	male
SRR11128260	AMPLICON	600	PRJNA607338	SAMN14130577	Casein	Casein	Animal	4	Casein	Normal Protein	20	NANJING AGRICULTURAL COLLEGE	Mus musculus	Cecal Content	SRX7764749	China	Illumina HiSeq 2500	METAGENOMIC	PCR	ILLUMINA	PAIRED	SRP250221	C57BL/6J	Casein	32	male
SRR11128231	AMPLICON	600	PRJNA607338	SAMN14130586	Pork	Pork	Animal	4	Meat	Normal Protein	20	NANJING AGRICULTURAL COLLEGE	Mus musculus	Cecal Content	SRX7764778	China	Illumina HiSeq 2500	METAGENOMIC	PCR	ILLUMINA	PAIRED	SRP250221	C57BL/6J	Meat	32	male
SRR11128232	AMPLICON	600	PRJNA607338	SAMN14130585	Pork	Pork	Animal	4	Meat	Normal Protein	20	NANJING AGRICULTURAL COLLEGE	Mus musculus	Cecal Content	SRX7764777	China	Illumina HiSeq 2500	METAGENOMIC	PCR	ILLUMINA	PAIRED	SRP250221	C57BL/6J	Meat	32	male
SRR11128233	AMPLICON	600	PRJNA607338	SAMN14130584	Pork	Pork	Animal	4	Meat	Normal Protein	20	NANJING AGRICULTURAL COLLEGE	Mus musculus	Cecal Content	SRX7764776	China	Illumina HiSeq 2500	METAGENOMIC	PCR	ILLUMINA	PAIRED	SRP250221	C57BL/6J	Meat	32	male
SRR11128234	AMPLICON	600	PRJNA607338	SAMN14130583	Pork	Pork	Animal	4	Meat	Normal Protein	20	NANJING AGRICULTURAL COLLEGE	Mus musculus	Cecal Content	SRX7764775	China	Illumina HiSeq 2500	METAGENOMIC	PCR	ILLUMINA	PAIRED	SRP250221	C57BL/6J	Meat	32	male
SRR11128235	AMPLICON	600	PRJNA607338	SAMN14130582	Pork	Pork	Animal	4	Meat	Normal Protein	20	NANJING AGRICULTURAL COLLEGE	Mus musculus	Cecal Content	SRX7764774	China	Illumina HiSeq 2500	METAGENOMIC	PCR	ILLUMINA	PAIRED	SRP250221	C57BL/6J	Meat	32	male
SRR11128254	AMPLICON	600	PRJNA607338	SAMN14130591	Pork	Pork	Animal	4	Meat	Normal Protein	20	NANJING AGRICULTURAL COLLEGE	Mus musculus	Cecal Content	SRX7764755	China	Illumina HiSeq 2500	METAGENOMIC	PCR	ILLUMINA	PAIRED	SRP250221	C57BL/6J	Meat	32	male
SRR11128255	AMPLICON	600	PRJNA607338	SAMN14130590	Pork	Pork	Animal	4	Meat	Normal Protein	20	NANJING AGRICULTURAL COLLEGE	Mus musculus	Cecal Content	SRX7764754	China	Illumina HiSeq 2500	METAGENOMIC	PCR	ILLUMINA	PAIRED	SRP250221	C57BL/6J	Meat	32	male
SRR11128256	AMPLICON	600	PRJNA607338	SAMN14130589	Pork	Pork	Animal	4	Meat	Normal Protein	20	NANJING AGRICULTURAL COLLEGE	Mus musculus	Cecal Content	SRX7764753	China	Illumina HiSeq 2500	METAGENOMIC	PCR	ILLUMINA	PAIRED	SRP250221	C57BL/6J	Meat	32	male
SRR11128257	AMPLICON	600	PRJNA607338	SAMN14130588	Pork	Pork	Animal	4	Meat	Normal Protein	20	NANJING AGRICULTURAL COLLEGE	Mus musculus	Cecal Content	SRX7764752	China	Illumina HiSeq 2500	METAGENOMIC	PCR	ILLUMINA	PAIRED	SRP250221	C57BL/6J	Meat	32	male
SRR11128258	AMPLICON	600	PRJNA607338	SAMN14130587	Pork	Pork	Animal	4	Meat	Normal Protein	20	NANJING AGRICULTURAL COLLEGE	Mus musculus	Cecal Content	SRX7764751	China	Illumina HiSeq 2500	METAGENOMIC	PCR	ILLUMINA	PAIRED	SRP250221	C57BL/6J	Meat	32	male
SRR11128249	AMPLICON	600	PRJNA607338	SAMN14130596	Sausage	Sausage	Animal	4	Meat	Normal Protein	20	NANJING AGRICULTURAL COLLEGE	Mus musculus	Cecal Content	SRX7764760	China	Illumina HiSeq 2500	METAGENOMIC	PCR	ILLUMINA	PAIRED	SRP250221	C57BL/6J	Meat	32	male
SRR11128250	AMPLICON	600	PRJNA607338	SAMN14130595	Sausage	Sausage	Animal	4	Meat	Normal Protein	20	NANJING AGRICULTURAL COLLEGE	Mus musculus	Cecal Content	SRX7764759	China	Illumina HiSeq 2500	METAGENOMIC	PCR	ILLUMINA	PAIRED	SRP250221	C57BL/6J	Meat	32	male
SRR11128251	AMPLICON	600	PRJNA607338	SAMN14130594	Sausage	Sausage	Animal	4	Meat	Normal Protein	20	NANJING AGRICULTURAL COLLEGE	Mus musculus	Cecal Content	SRX7764758	China	Illumina HiSeq 2500	METAGENOMIC	PCR	ILLUMINA	PAIRED	SRP250221	C57BL/6J	Meat	32	male
SRR11128252	AMPLICON	600	PRJNA607338	SAMN14130593	Sausage	Sausage	Animal	4	Meat	Normal Protein	20	NANJING AGRICULTURAL COLLEGE	Mus musculus	Cecal Content	SRX7764757	China	Illumina HiSeq 2500	METAGENOMIC	PCR	ILLUMINA	PAIRED	SRP250221	C57BL/6J	Meat	32	male
SRR11128253	AMPLICON	600	PRJNA607338	SAMN14130592	Sausage	Sausage	Animal	4	Meat	Normal Protein	20	NANJING AGRICULTURAL COLLEGE	Mus musculus	Cecal Content	SRX7764756	China	Illumina HiSeq 2500	METAGENOMIC	PCR	ILLUMINA	PAIRED	SRP250221	C57BL/6J	Meat	32	male
SRR11128243	AMPLICON	600	PRJNA607338	SAMN14130601	soy protein	Soy Protein	Animal	4	Soy Protein	Normal Protein	20	NANJING AGRICULTURAL COLLEGE	Mus musculus	Cecal Content	SRX7764766	China	Illumina HiSeq 2500	METAGENOMIC	PCR	ILLUMINA	PAIRED	SRP250221	C57BL/6J	Soy	32	male
SRR11128244	AMPLICON	600	PRJNA607338	SAMN14130600	soy protein	Soy Protein	Animal	4	Soy Protein	Normal Protein	20	NANJING AGRICULTURAL COLLEGE	Mus musculus	Cecal Content	SRX7764765	China	Illumina HiSeq 2500	METAGENOMIC	PCR	ILLUMINA	PAIRED	SRP250221	C57BL/6J	Soy	32	male
SRR11128245	AMPLICON	600	PRJNA607338	SAMN14130599	soy protein	Soy Protein	Animal	4	Soy Protein	Normal Protein	20	NANJING AGRICULTURAL COLLEGE	Mus musculus	Cecal Content	SRX7764764	China	Illumina HiSeq 2500	METAGENOMIC	PCR	ILLUMINA	PAIRED	SRP250221	C57BL/6J	Soy	32	male
SRR11128246	AMPLICON	600	PRJNA607338	SAMN14130598	soy protein	Soy Protein	Animal	4	Soy Protein	Normal Protein	20	NANJING AGRICULTURAL COLLEGE	Mus musculus	Cecal Content	SRX7764763	China	Illumina HiSeq 2500	METAGENOMIC	PCR	ILLUMINA	PAIRED	SRP250221	C57BL/6J	Soy	32	male
SRR11128247	AMPLICON	600	PRJNA607338	SAMN14130597	soy protein	Soy Protein	Animal	4	Soy Protein	Normal Protein	20	NANJING AGRICULTURAL COLLEGE	Mus musculus	Cecal Content	SRX7764762	China	Illumina HiSeq 2500	METAGENOMIC	PCR	ILLUMINA	PAIRED	SRP250221	C57BL/6J	Soy	32	male
SRR11128238	AMPLICON	600	PRJNA607338	SAMN14130606	Pork	Pork	Animal	4	Meat	Normal Protein	20	NANJING AGRICULTURAL COLLEGE	Mus musculus	Cecal Content	SRX7764771	China	Illumina HiSeq 2500	METAGENOMIC	PCR	ILLUMINA	PAIRED	SRP250221	C57BL/6J	Meat	32	male
SRR11128239	AMPLICON	600	PRJNA607338	SAMN14130605	Pork	Pork	Animal	4	Meat	Normal Protein	20	NANJING AGRICULTURAL COLLEGE	Mus musculus	Cecal Content	SRX7764770	China	Illumina HiSeq 2500	METAGENOMIC	PCR	ILLUMINA	PAIRED	SRP250221	C57BL/6J	Meat	32	male
SRR11128240	AMPLICON	600	PRJNA607338	SAMN14130604	Pork	Pork	Animal	4	Meat	Normal Protein	20	NANJING AGRICULTURAL COLLEGE	Mus musculus	Cecal Content	SRX7764769	China	Illumina HiSeq 2500	METAGENOMIC	PCR	ILLUMINA	PAIRED	SRP250221	C57BL/6J	Meat	32	male
SRR11128241	AMPLICON	600	PRJNA607338	SAMN14130603	Pork	Pork	Animal	4	Meat	Normal Protein	20	NANJING AGRICULTURAL COLLEGE	Mus musculus	Cecal Content	SRX7764768	China	Illumina HiSeq 2500	METAGENOMIC	PCR	ILLUMINA	PAIRED	SRP250221	C57BL/6J	Meat	32	male
SRR11128242	AMPLICON	600	PRJNA607338	SAMN14130602	Pork	Pork	Animal	4	Meat	Normal Protein	20	NANJING AGRICULTURAL COLLEGE	Mus musculus	Cecal Content	SRX7764767	China	Illumina HiSeq 2500	METAGENOMIC	PCR	ILLUMINA	PAIRED	SRP250221	C57BL/6J	Meat	32	male
SRR21232892	RNA-Seq	421	PRJNA872483	SAMN30467026	Beef	Beef	Animal	5	Meat	Normal Protein	17.9	NANJING AGRICULTURAL UNIVERSITY	Mus musculus	Feces	SRX17242955	China	Illumina MiSeq	METAGENOMIC	PCR	ILLUMINA	SINGLE	SRP394352	C57BL/6	Meat	70	male
SRR21232869	RNA-Seq	422	PRJNA872483	SAMN30467035	Beef	Beef	Animal	5	Meat	Normal Protein	17.9	NANJING AGRICULTURAL UNIVERSITY	Mus musculus	Feces	SRX17242978	China	Illumina MiSeq	METAGENOMIC	PCR	ILLUMINA	SINGLE	SRP394352	C57BL/6	Meat	70	male
SRR21232890	RNA-Seq	422	PRJNA872483	SAMN30467036	Beef	Beef	Animal	5	Meat	Normal Protein	17.9	NANJING AGRICULTURAL UNIVERSITY	Mus musculus	Feces	SRX17242957	China	Illumina MiSeq	METAGENOMIC	PCR	ILLUMINA	SINGLE	SRP394352	C57BL/6	Meat	70	male
SRR21232889	RNA-Seq	421	PRJNA872483	SAMN30467037	Beef	Beef	Animal	5	Meat	Normal Protein	17.9	NANJING AGRICULTURAL UNIVERSITY	Mus musculus	Feces	SRX17242958	China	Illumina MiSeq	METAGENOMIC	PCR	ILLUMINA	SINGLE	SRP394352	C57BL/6	Meat	70	male
SRR21232888	RNA-Seq	423	PRJNA872483	SAMN30467038	Beef	Beef	Animal	5	Meat	Normal Protein	17.9	NANJING AGRICULTURAL UNIVERSITY	Mus musculus	Feces	SRX17242959	China	Illumina MiSeq	METAGENOMIC	PCR	ILLUMINA	SINGLE	SRP394352	C57BL/6	Meat	70	male
SRR21232887	RNA-Seq	420	PRJNA872483	SAMN30467039	Beef	Beef	Animal	5	Meat	Normal Protein	17.9	NANJING AGRICULTURAL UNIVERSITY	Mus musculus	Feces	SRX17242960	China	Illumina MiSeq	METAGENOMIC	PCR	ILLUMINA	SINGLE	SRP394352	C57BL/6	Meat	70	male
SRR21232886	RNA-Seq	422	PRJNA872483	SAMN30467040	Beef	Beef	Animal	5	Meat	Normal Protein	17.9	NANJING AGRICULTURAL UNIVERSITY	Mus musculus	Feces	SRX17242961	China	Illumina MiSeq	METAGENOMIC	PCR	ILLUMINA	SINGLE	SRP394352	C57BL/6	Meat	70	male
SRR21232885	RNA-Seq	420	PRJNA872483	SAMN30467041	Beef	Beef	Animal	5	Meat	Normal Protein	17.9	NANJING AGRICULTURAL UNIVERSITY	Mus musculus	Feces	SRX17242962	China	Illumina MiSeq	METAGENOMIC	PCR	ILLUMINA	SINGLE	SRP394352	C57BL/6	Meat	70	male
SRR21232884	RNA-Seq	422	PRJNA872483	SAMN30467042	Beef	Beef	Animal	5	Meat	Normal Protein	17.9	NANJING AGRICULTURAL UNIVERSITY	Mus musculus	Feces	SRX17242963	China	Illumina MiSeq	METAGENOMIC	PCR	ILLUMINA	SINGLE	SRP394352	C57BL/6	Meat	70	male
SRR21232883	RNA-Seq	422	PRJNA872483	SAMN30467043	Beef	Beef	Animal	5	Meat	Normal Protein	17.9	NANJING AGRICULTURAL UNIVERSITY	Mus musculus	Feces	SRX17242964	China	Illumina MiSeq	METAGENOMIC	PCR	ILLUMINA	SINGLE	SRP394352	C57BL/6	Meat	70	male
SRR21232882	RNA-Seq	421	PRJNA872483	SAMN30467044	Beef	Beef	Animal	5	Meat	Normal Protein	17.9	NANJING AGRICULTURAL UNIVERSITY	Mus musculus	Feces	SRX17242965	China	Illumina MiSeq	METAGENOMIC	PCR	ILLUMINA	SINGLE	SRP394352	C57BL/6	Meat	70	male
SRR21232891	RNA-Seq	420	PRJNA872483	SAMN30467027	Beef	Beef	Animal	5	Meat	Normal Protein	17.9	NANJING AGRICULTURAL UNIVERSITY	Mus musculus	Feces	SRX17242956	China	Illumina MiSeq	METAGENOMIC	PCR	ILLUMINA	SINGLE	SRP394352	C57BL/6	Meat	70	male
SRR21232881	RNA-Seq	420	PRJNA872483	SAMN30467045	Beef	Beef	Animal	5	Meat	Normal Protein	17.9	NANJING AGRICULTURAL UNIVERSITY	Mus musculus	Feces	SRX17242966	China	Illumina MiSeq	METAGENOMIC	PCR	ILLUMINA	SINGLE	SRP394352	C57BL/6	Meat	70	male
SRR21232879	RNA-Seq	422	PRJNA872483	SAMN30467046	Beef	Beef	Animal	5	Meat	Normal Protein	17.9	NANJING AGRICULTURAL UNIVERSITY	Mus musculus	Feces	SRX17242968	China	Illumina MiSeq	METAGENOMIC	PCR	ILLUMINA	SINGLE	SRP394352	C57BL/6	Meat	70	male
SRR21232878	RNA-Seq	418	PRJNA872483	SAMN30467047	Beef	Beef	Animal	5	Meat	Normal Protein	17.9	NANJING AGRICULTURAL UNIVERSITY	Mus musculus	Feces	SRX17242969	China	Illumina MiSeq	METAGENOMIC	PCR	ILLUMINA	SINGLE	SRP394352	C57BL/6	Meat	70	male
SRR21232877	RNA-Seq	421	PRJNA872483	SAMN30467048	Beef	Beef	Animal	5	Meat	Normal Protein	17.9	NANJING AGRICULTURAL UNIVERSITY	Mus musculus	Feces	SRX17242970	China	Illumina MiSeq	METAGENOMIC	PCR	ILLUMINA	SINGLE	SRP394352	C57BL/6	Meat	70	male
SRR21232876	RNA-Seq	421	PRJNA872483	SAMN30467049	Beef	Beef	Animal	5	Meat	Normal Protein	17.9	NANJING AGRICULTURAL UNIVERSITY	Mus musculus	Feces	SRX17242971	China	Illumina MiSeq	METAGENOMIC	PCR	ILLUMINA	SINGLE	SRP394352	C57BL/6	Meat	70	male
SRR21232880	RNA-Seq	419	PRJNA872483	SAMN30467028	Beef	Beef	Animal	5	Meat	Normal Protein	17.9	NANJING AGRICULTURAL UNIVERSITY	Mus musculus	Feces	SRX17242967	China	Illumina MiSeq	METAGENOMIC	PCR	ILLUMINA	SINGLE	SRP394352	C57BL/6	Meat	70	male
SRR21232875	RNA-Seq	423	PRJNA872483	SAMN30467029	Beef	Beef	Animal	5	Meat	Normal Protein	17.9	NANJING AGRICULTURAL UNIVERSITY	Mus musculus	Feces	SRX17242972	China	Illumina MiSeq	METAGENOMIC	PCR	ILLUMINA	SINGLE	SRP394352	C57BL/6	Meat	70	male
SRR21232874	RNA-Seq	420	PRJNA872483	SAMN30467030	Beef	Beef	Animal	5	Meat	Normal Protein	17.9	NANJING AGRICULTURAL UNIVERSITY	Mus musculus	Feces	SRX17242973	China	Illumina MiSeq	METAGENOMIC	PCR	ILLUMINA	SINGLE	SRP394352	C57BL/6	Meat	70	male
SRR21232873	RNA-Seq	419	PRJNA872483	SAMN30467031	Beef	Beef	Animal	5	Meat	Normal Protein	17.9	NANJING AGRICULTURAL UNIVERSITY	Mus musculus	Feces	SRX17242974	China	Illumina MiSeq	METAGENOMIC	PCR	ILLUMINA	SINGLE	SRP394352	C57BL/6	Meat	70	male
SRR21232872	RNA-Seq	422	PRJNA872483	SAMN30467032	Beef	Beef	Animal	5	Meat	Normal Protein	17.9	NANJING AGRICULTURAL UNIVERSITY	Mus musculus	Feces	SRX17242975	China	Illumina MiSeq	METAGENOMIC	PCR	ILLUMINA	SINGLE	SRP394352	C57BL/6	Meat	70	male
SRR21232871	RNA-Seq	421	PRJNA872483	SAMN30467033	Beef	Beef	Animal	5	Meat	Normal Protein	17.9	NANJING AGRICULTURAL UNIVERSITY	Mus musculus	Feces	SRX17242976	China	Illumina MiSeq	METAGENOMIC	PCR	ILLUMINA	SINGLE	SRP394352	C57BL/6	Meat	70	male
SRR21232870	RNA-Seq	422	PRJNA872483	SAMN30467034	Beef	Beef	Animal	5	Meat	Normal Protein	17.9	NANJING AGRICULTURAL UNIVERSITY	Mus musculus	Feces	SRX17242977	China	Illumina MiSeq	METAGENOMIC	PCR	ILLUMINA	SINGLE	SRP394352	C57BL/6	Meat	70	male
DRR212416	AMPLICON	601	PRJDB8898	SAMD00207312	Casein	Casein	Animal	9	Casein	Low Protein	12	RIKEN_IMS	Mus musculus	Feces	DRX202766	Japan	Illumina MiSeq	METAGENOMIC	PCR	ILLUMINA	PAIRED	DRP007798	BALB/c	Casein	7	male
DRR212417	AMPLICON	600	PRJDB8898	SAMD00207313	Casein	Casein	Animal	9	Casein	Low Protein	12	RIKEN_IMS	Mus musculus	Feces	DRX202767	Japan	Illumina MiSeq	METAGENOMIC	PCR	ILLUMINA	PAIRED	DRP007798	BALB/c	Casein	7	male
DRR212418	AMPLICON	600	PRJDB8898	SAMD00207314	Casein	Casein	Animal	9	Casein	Low Protein	12	RIKEN_IMS	Mus musculus	Feces	DRX202768	Japan	Illumina MiSeq	METAGENOMIC	PCR	ILLUMINA	PAIRED	DRP007798	BALB/c	Casein	7	male
DRR212419	AMPLICON	600	PRJDB8898	SAMD00207315	Casein	Casein	Animal	9	Casein	Low Protein	12	RIKEN_IMS	Mus musculus	Feces	DRX202769	Japan	Illumina MiSeq	METAGENOMIC	PCR	ILLUMINA	PAIRED	DRP007798	BALB/c	Casein	7	male
DRR212420	AMPLICON	600	PRJDB8898	SAMD00207316	Casein	Casein	Animal	9	Casein	Low Protein	12	RIKEN_IMS	Mus musculus	Feces	DRX202770	Japan	Illumina MiSeq	METAGENOMIC	PCR	ILLUMINA	PAIRED	DRP007798	BALB/c	Casein	7	male
DRR212421	AMPLICON	600	PRJDB8898	SAMD00207317	Casein	Casein	Animal	9	Casein	Low Protein	12	RIKEN_IMS	Mus musculus	Feces	DRX202771	Japan	Illumina MiSeq	METAGENOMIC	PCR	ILLUMINA	PAIRED	DRP007798	BALB/c	Casein	14	male
DRR212422	AMPLICON	600	PRJDB8898	SAMD00207318	Casein	Casein	Animal	9	Casein	Low Protein	12	RIKEN_IMS	Mus musculus	Feces	DRX202772	Japan	Illumina MiSeq	METAGENOMIC	PCR	ILLUMINA	PAIRED	DRP007798	BALB/c	Casein	14	male
DRR212423	AMPLICON	600	PRJDB8898	SAMD00207319	Casein	Casein	Animal	9	Casein	Low Protein	12	RIKEN_IMS	Mus musculus	Feces	DRX202773	Japan	Illumina MiSeq	METAGENOMIC	PCR	ILLUMINA	PAIRED	DRP007798	BALB/c	Casein	14	male
DRR212424	AMPLICON	600	PRJDB8898	SAMD00207320	Casein	Casein	Animal	9	Casein	Low Protein	12	RIKEN_IMS	Mus musculus	Feces	DRX202774	Japan	Illumina MiSeq	METAGENOMIC	PCR	ILLUMINA	PAIRED	DRP007798	BALB/c	Casein	14	male
DRR212425	AMPLICON	600	PRJDB8898	SAMD00207321	Casein	Casein	Animal	9	Casein	Low Protein	12	RIKEN_IMS	Mus musculus	Feces	DRX202775	Japan	Illumina MiSeq	METAGENOMIC	PCR	ILLUMINA	PAIRED	DRP007798	BALB/c	Casein	14	male
DRR212426	AMPLICON	600	PRJDB8898	SAMD00207322	Casein	Casein	Animal	9	Casein	Low Protein	12	RIKEN_IMS	Mus musculus	Feces	DRX202776	Japan	Illumina MiSeq	METAGENOMIC	PCR	ILLUMINA	PAIRED	DRP007798	BALB/c	Casein	21	male
DRR212427	AMPLICON	600	PRJDB8898	SAMD00207323	Casein	Casein	Animal	9	Casein	Low Protein	12	RIKEN_IMS	Mus musculus	Feces	DRX202777	Japan	Illumina MiSeq	METAGENOMIC	PCR	ILLUMINA	PAIRED	DRP007798	BALB/c	Casein	21	male
DRR212428	AMPLICON	600	PRJDB8898	SAMD00207324	Casein	Casein	Animal	9	Casein	Low Protein	12	RIKEN_IMS	Mus musculus	Feces	DRX202778	Japan	Illumina MiSeq	METAGENOMIC	PCR	ILLUMINA	PAIRED	DRP007798	BALB/c	Casein	21	male
DRR212429	AMPLICON	600	PRJDB8898	SAMD00207325	Casein	Casein	Animal	9	Casein	Low Protein	12	RIKEN_IMS	Mus musculus	Feces	DRX202779	Japan	Illumina MiSeq	METAGENOMIC	PCR	ILLUMINA	PAIRED	DRP007798	BALB/c	Casein	21	male
DRR212430	AMPLICON	600	PRJDB8898	SAMD00207326	Casein	Casein	Animal	9	Casein	Low Protein	12	RIKEN_IMS	Mus musculus	Feces	DRX202780	Japan	Illumina MiSeq	METAGENOMIC	PCR	ILLUMINA	PAIRED	DRP007798	BALB/c	Casein	21	male
SRR18156375	AMPLICON	500	PRJNA810785	SAMN26282989	Low Protein Diet	Low Protein Diet	Plant	8	Low Protein Diet	Low Protein	5	"MINHANG HOSPITAL, FUDAN UNIVERSITY"	Mus musculus	Feces	SRX14303902	China	Illumina NovaSeq 6000	Metagenome	PCR	ILLUMINA	SINGLE	SRP361667	C57BL/6	Wheat Starch	56	
SRR18156376	AMPLICON	500	PRJNA810785	SAMN26282988	Low Protein Diet	Low Protein Diet	Plant	8	Low Protein Diet	Low Protein	5	"MINHANG HOSPITAL, FUDAN UNIVERSITY"	Mus musculus	Feces	SRX14303901	China	Illumina NovaSeq 6000	Metagenome	PCR	ILLUMINA	SINGLE	SRP361667	C57BL/6	Wheat Starch	56	
SRR18156377	AMPLICON	500	PRJNA810785	SAMN26282987	Low Protein Diet	Low Protein Diet	Plant	8	Low Protein Diet	Low Protein	5	"MINHANG HOSPITAL, FUDAN UNIVERSITY"	Mus musculus	Feces	SRX14303900	China	Illumina NovaSeq 6000	Metagenome	PCR	ILLUMINA	SINGLE	SRP361667	C57BL/6	Wheat Starch	56	
SRR18156378	AMPLICON	500	PRJNA810785	SAMN26282986	Low Protein Diet	Low Protein Diet	Plant	8	Low Protein Diet	Low Protein	5	"MINHANG HOSPITAL, FUDAN UNIVERSITY"	Mus musculus	Feces	SRX14303899	China	Illumina NovaSeq 6000	Metagenome	PCR	ILLUMINA	SINGLE	SRP361667	C57BL/6	Wheat Starch	56	
SRR18156379	AMPLICON	500	PRJNA810785	SAMN26282985	Low Protein Diet	Low Protein Diet	Plant	8	Low Protein Diet	Low Protein	5	"MINHANG HOSPITAL, FUDAN UNIVERSITY"	Mus musculus	Feces	SRX14303898	China	Illumina NovaSeq 6000	Metagenome	PCR	ILLUMINA	SINGLE	SRP361667	C57BL/6	Wheat Starch	56	
SRR18156380	AMPLICON	500	PRJNA810785	SAMN26282984	Low Protein Diet	Low Protein Diet	Plant	8	Low Protein Diet	Low Protein	5	"MINHANG HOSPITAL, FUDAN UNIVERSITY"	Mus musculus	Feces	SRX14303897	China	Illumina NovaSeq 6000	Metagenome	PCR	ILLUMINA	SINGLE	SRP361667	C57BL/6	Wheat Starch	56	
SRR18156383	AMPLICON	500	PRJNA810785	SAMN26282993	Low Protein Diet	Low Protein Diet	Plant	8	Low Protein Diet	Low Protein	5	"MINHANG HOSPITAL, FUDAN UNIVERSITY"	Mus musculus	Feces	SRX14303894	China	Illumina NovaSeq 6000	Metagenome	PCR	ILLUMINA	SINGLE	SRP361667	C57BL/6	Wheat Starch	56	
SRR18156384	AMPLICON	500	PRJNA810785	SAMN26282992	Low Protein Diet	Low Protein Diet	Plant	8	Low Protein Diet	Low Protein	5	"MINHANG HOSPITAL, FUDAN UNIVERSITY"	Mus musculus	Feces	SRX14303893	China	Illumina NovaSeq 6000	Metagenome	PCR	ILLUMINA	SINGLE	SRP361667	C57BL/6	Wheat Starch	56	
SRR18156385	AMPLICON	500	PRJNA810785	SAMN26282991	Low Protein Diet	Low Protein Diet	Plant	8	Low Protein Diet	Low Protein	5	"MINHANG HOSPITAL, FUDAN UNIVERSITY"	Mus musculus	Feces	SRX14303892	China	Illumina NovaSeq 6000	Metagenome	PCR	ILLUMINA	SINGLE	SRP361667	C57BL/6	Wheat Starch	56	
SRR18156386	AMPLICON	500	PRJNA810785	SAMN26282990	Low Protein Diet	Low Protein Diet	Plant	8	Low Protein Diet	Low Protein	5	"MINHANG HOSPITAL, FUDAN UNIVERSITY"	Mus musculus	Feces	SRX14303891	China	Illumina NovaSeq 6000	Metagenome	PCR	ILLUMINA	SINGLE	SRP361667	C57BL/6	Wheat Starch	56	
DRR212401	AMPLICON	600	PRJDB8898	SAMD00207297	Casein	Casein	Animal	9	Casein	Low Protein	3	RIKEN_IMS	Mus musculus	Feces	DRX202751	Japan	Illumina MiSeq	METAGENOMIC	PCR	ILLUMINA	PAIRED	DRP007798	BALB/c	Casein	7	male
DRR212402	AMPLICON	600	PRJDB8898	SAMD00207298	Casein	Casein	Animal	9	Casein	Low Protein	3	RIKEN_IMS	Mus musculus	Feces	DRX202752	Japan	Illumina MiSeq	METAGENOMIC	PCR	ILLUMINA	PAIRED	DRP007798	BALB/c	Casein	7	male
DRR212403	AMPLICON	600	PRJDB8898	SAMD00207299	Casein	Casein	Animal	9	Casein	Low Protein	3	RIKEN_IMS	Mus musculus	Feces	DRX202753	Japan	Illumina MiSeq	METAGENOMIC	PCR	ILLUMINA	PAIRED	DRP007798	BALB/c	Casein	7	male
DRR212404	AMPLICON	600	PRJDB8898	SAMD00207300	Casein	Casein	Animal	9	Casein	Low Protein	3	RIKEN_IMS	Mus musculus	Feces	DRX202754	Japan	Illumina MiSeq	METAGENOMIC	PCR	ILLUMINA	PAIRED	DRP007798	BALB/c	Casein	7	male
DRR212405	AMPLICON	600	PRJDB8898	SAMD00207301	Casein	Casein	Animal	9	Casein	Low Protein	3	RIKEN_IMS	Mus musculus	Feces	DRX202755	Japan	Illumina MiSeq	METAGENOMIC	PCR	ILLUMINA	PAIRED	DRP007798	BALB/c	Casein	7	male
DRR212406	AMPLICON	600	PRJDB8898	SAMD00207302	Casein	Casein	Animal	9	Casein	Low Protein	3	RIKEN_IMS	Mus musculus	Feces	DRX202756	Japan	Illumina MiSeq	METAGENOMIC	PCR	ILLUMINA	PAIRED	DRP007798	BALB/c	Casein	14	male
DRR212407	AMPLICON	600	PRJDB8898	SAMD00207303	Casein	Casein	Animal	9	Casein	Low Protein	3	RIKEN_IMS	Mus musculus	Feces	DRX202757	Japan	Illumina MiSeq	METAGENOMIC	PCR	ILLUMINA	PAIRED	DRP007798	BALB/c	Casein	14	male
DRR212408	AMPLICON	600	PRJDB8898	SAMD00207304	Casein	Casein	Animal	9	Casein	Low Protein	3	RIKEN_IMS	Mus musculus	Feces	DRX202758	Japan	Illumina MiSeq	METAGENOMIC	PCR	ILLUMINA	PAIRED	DRP007798	BALB/c	Casein	14	male
DRR212409	AMPLICON	600	PRJDB8898	SAMD00207305	Casein	Casein	Animal	9	Casein	Low Protein	3	RIKEN_IMS	Mus musculus	Feces	DRX202759	Japan	Illumina MiSeq	METAGENOMIC	PCR	ILLUMINA	PAIRED	DRP007798	BALB/c	Casein	14	male
DRR212410	AMPLICON	600	PRJDB8898	SAMD00207306	Casein	Casein	Animal	9	Casein	Low Protein	3	RIKEN_IMS	Mus musculus	Feces	DRX202760	Japan	Illumina MiSeq	METAGENOMIC	PCR	ILLUMINA	PAIRED	DRP007798	BALB/c	Casein	14	male
DRR212411	AMPLICON	600	PRJDB8898	SAMD00207307	Casein	Casein	Animal	9	Casein	Low Protein	3	RIKEN_IMS	Mus musculus	Feces	DRX202761	Japan	Illumina MiSeq	METAGENOMIC	PCR	ILLUMINA	PAIRED	DRP007798	BALB/c	Casein	21	male
DRR212412	AMPLICON	600	PRJDB8898	SAMD00207308	Casein	Casein	Animal	9	Casein	Low Protein	3	RIKEN_IMS	Mus musculus	Feces	DRX202762	Japan	Illumina MiSeq	METAGENOMIC	PCR	ILLUMINA	PAIRED	DRP007798	BALB/c	Casein	21	male
DRR212413	AMPLICON	600	PRJDB8898	SAMD00207309	Casein	Casein	Animal	9	Casein	Low Protein	3	RIKEN_IMS	Mus musculus	Feces	DRX202763	Japan	Illumina MiSeq	METAGENOMIC	PCR	ILLUMINA	PAIRED	DRP007798	BALB/c	Casein	21	male
DRR212414	AMPLICON	600	PRJDB8898	SAMD00207310	Casein	Casein	Animal	9	Casein	Low Protein	3	RIKEN_IMS	Mus musculus	Feces	DRX202764	Japan	Illumina MiSeq	METAGENOMIC	PCR	ILLUMINA	PAIRED	DRP007798	BALB/c	Casein	21	male
DRR212415	AMPLICON	600	PRJDB8898	SAMD00207311	Casein	Casein	Animal	9	Casein	Low Protein	3	RIKEN_IMS	Mus musculus	Feces	DRX202765	Japan	Illumina MiSeq	METAGENOMIC	PCR	ILLUMINA	PAIRED	DRP007798	BALB/c	Casein	21	male
SRR19820311	AMPLICON	499	PRJNA852193	SAMN29265011	BCAA	Amino Acid	Plant	6	Amino Acid	Low Protein		BEIJING HOSPITAL	Mus musculus	Cecal Content	SRX15864069	China	Illumina MiSeq	METAGENOMIC	PCR	ILLUMINA	PAIRED	SRP383383	C57BL/6J	Amino acid	112	male
SRR19820312	AMPLICON	499	PRJNA852193	SAMN29265010	BCAA	Amino Acid	Plant	6	Amino Acid	Low Protein		BEIJING HOSPITAL	Mus musculus	Ileal Content	SRX15864068	China	Illumina MiSeq	METAGENOMIC	PCR	ILLUMINA	PAIRED	SRP383383	C57BL/6J	Amino acid	112	male
SRR19820313	AMPLICON	499	PRJNA852193	SAMN29265009	BCAA	Amino Acid	Plant	6	Amino Acid	Low Protein		BEIJING HOSPITAL	Mus musculus	Colonic Content	SRX15864067	China	Illumina MiSeq	METAGENOMIC	PCR	ILLUMINA	PAIRED	SRP383383	C57BL/6J	Amino acid	112	male
SRR19820314	AMPLICON	499	PRJNA852193	SAMN29265008	BCAA	Amino Acid	Plant	6	Amino Acid	Low Protein		BEIJING HOSPITAL	Mus musculus	Cecal Content	SRX15864066	China	Illumina MiSeq	METAGENOMIC	PCR	ILLUMINA	PAIRED	SRP383383	C57BL/6J	Amino acid	112	male
SRR19820319	AMPLICON	499	PRJNA852193	SAMN29265007	BCAA	Amino Acid	Plant	6	Amino Acid	Low Protein		BEIJING HOSPITAL	Mus musculus	Ileal Content	SRX15864061	China	Illumina MiSeq	METAGENOMIC	PCR	ILLUMINA	PAIRED	SRP383383	C57BL/6J	Amino acid	112	male
SRR19820330	AMPLICON	499	PRJNA852193	SAMN29265006	BCAA	Amino Acid	Plant	6	Amino Acid	Low Protein		BEIJING HOSPITAL	Mus musculus	Colonic Content	SRX15864050	China	Illumina MiSeq	METAGENOMIC	PCR	ILLUMINA	PAIRED	SRP383383	C57BL/6J	Amino acid	112	male
SRR19820341	AMPLICON	499	PRJNA852193	SAMN29265005	BCAA	Amino Acid	Plant	6	Amino Acid	Low Protein		BEIJING HOSPITAL	Mus musculus	Cecal Content	SRX15864039	China	Illumina MiSeq	METAGENOMIC	PCR	ILLUMINA	PAIRED	SRP383383	C57BL/6J	Amino acid	112	male
SRR19820352	AMPLICON	499	PRJNA852193	SAMN29265004	BCAA	Amino Acid	Plant	6	Amino Acid	Low Protein		BEIJING HOSPITAL	Mus musculus	Ileal Content	SRX15864028	China	Illumina MiSeq	METAGENOMIC	PCR	ILLUMINA	PAIRED	SRP383383	C57BL/6J	Amino acid	112	male
SRR19820361	AMPLICON	499	PRJNA852193	SAMN29265013	BCAA	Amino Acid	Plant	6	Amino Acid	Low Protein		BEIJING HOSPITAL	Mus musculus	Ileal Content	SRX15864019	China	Illumina MiSeq	METAGENOMIC	PCR	ILLUMINA	PAIRED	SRP383383	C57BL/6J	Amino acid	112	male
SRR19820362	AMPLICON	499	PRJNA852193	SAMN29265012	BCAA	Amino Acid	Plant	6	Amino Acid	Low Protein		BEIJING HOSPITAL	Mus musculus	Colonic Content	SRX15864018	China	Illumina MiSeq	METAGENOMIC	PCR	ILLUMINA	PAIRED	SRP383383	C57BL/6J	Amino acid	112	male
SRR19820363	AMPLICON	499	PRJNA852193	SAMN29265003	BCAA	Amino Acid	Plant	6	Amino Acid	Low Protein		BEIJING HOSPITAL	Mus musculus	Colonic Content	SRX15864017	China	Illumina MiSeq	METAGENOMIC	PCR	ILLUMINA	PAIRED	SRP383383	C57BL/6J	Amino acid	112	male
SRR19820364	AMPLICON	499	PRJNA852193	SAMN29265002	BCAA	Amino Acid	Plant	6	Amino Acid	Low Protein		BEIJING HOSPITAL	Mus musculus	Cecal Content	SRX15864016	China	Illumina MiSeq	METAGENOMIC	PCR	ILLUMINA	PAIRED	SRP383383	C57BL/6J	Amino acid	112	male